"Id","ResourceId","CreatedDate","Start","End","Type","State","Country","City"
"0Hw6A000000Yut2SAC","0Hn6A000000YQZRSA4","2018-02-28T21:09:07.000Z","2017-03-06T20:00:00.000Z","2017-03-06T20:30:00.000Z","Vacation","","",""
"0Hw6A000000Yut3SAC","0Hn6A000000YQZRSA4","2018-02-28T21:09:07.000Z","2017-03-07T20:00:00.000Z","2017-03-07T20:30:00.000Z","Vacation","","",""
"0Hw6A000000Yut4SAC","0Hn6A000000YQZSSA4","2018-02-28T21:09:07.000Z","2017-03-06T20:00:00.000Z","2017-03-06T20:30:00.000Z","Vacation","","",""
"0Hw6A000000Yut5SAC","0Hn6A000000YQZSSA4","2018-02-28T21:09:07.000Z","2017-03-07T19:56:00.000Z","2017-03-07T20:26:00.000Z","Vacation","","",""
"0Hw6A000000Yut6SAC","0Hn6A000000YQZTSA4","2018-02-28T21:09:07.000Z","2017-03-07T21:27:00.000Z","2017-03-07T21:57:00.000Z","Vacation","","",""
"0Hw6A000000Yut7SAC","0Hn6A000000YQZUSA4","2018-02-28T21:09:07.000Z","2017-03-07T20:51:00.000Z","2017-03-07T21:21:00.000Z","Vacation","","",""
"0Hw6A000000Yut8SAC","0Hn6A000000YQZUSA4","2018-02-28T21:09:07.000Z","2017-03-06T20:09:00.000Z","2017-03-06T20:39:00.000Z","Vacation","","",""
"0Hw6A000000Yut9SAC","0Hn6A000000YQZVSA4","2018-02-28T21:09:07.000Z","2017-03-07T20:00:00.000Z","2017-03-07T20:30:00.000Z","Vacation","","",""
"0Hw6A000000YutASAS","0Hn6A000000YQZWSA4","2018-02-28T21:09:07.000Z","2017-03-06T20:00:00.000Z","2017-03-06T20:30:00.000Z","Vacation","","",""
"0Hw6A000000YutBSAS","0Hn6A000000YQZWSA4","2018-02-28T21:09:07.000Z","2017-03-07T20:00:00.000Z","2017-03-07T20:30:00.000Z","Vacation","","",""
"0Hw6A000000YutCSAS","0Hn6A000000YQZXSA4","2018-02-28T21:09:07.000Z","2017-03-07T20:00:00.000Z","2017-03-07T20:30:00.000Z","Vacation","","",""
"0Hw6A000000YutDSAS","0Hn6A000000YQZcSAO","2018-02-28T21:09:07.000Z","2017-03-07T20:00:00.000Z","2017-03-07T20:30:00.000Z","Vacation","","",""
"0Hw6A000000YutESAS","0Hn6A000000YQZeSAO","2018-02-28T21:09:07.000Z","2017-03-05T19:41:00.000Z","2017-03-05T20:11:00.000Z","Vacation","","",""
"0Hw6A000000YutFSAS","0Hn6A000000YQZeSAO","2018-02-28T21:09:07.000Z","2017-03-06T20:13:00.000Z","2017-03-06T20:43:00.000Z","Vacation","","",""
"0Hw6A000000YutGSAS","0Hn6A000000YQZeSAO","2018-02-28T21:09:07.000Z","2017-03-07T20:31:00.000Z","2017-03-07T21:01:00.000Z","Vacation","","",""
"0Hw6A000000YutHSAS","0Hn6A000000YQZhSAO","2018-02-28T21:09:07.000Z","2017-03-07T20:18:00.000Z","2017-03-07T20:48:00.000Z","Vacation","","",""
"0Hw6A000000YutISAS","0Hn6A000000YQZTSA4","2018-02-28T21:09:07.000Z","2017-10-19T18:05:00.000Z","2017-10-19T18:35:00.000Z","Vacation","","",""
"0Hw6A000000YutJSAS","0Hn6A000000YQZQSA4","2018-02-28T21:09:07.000Z","2017-10-22T14:02:00.000Z","2017-10-22T14:32:00.000Z","Vacation","","",""
"0Hw6A000000YutKSAS","0Hn6A000000YQZQSA4","2018-02-28T21:09:07.000Z","2017-10-25T06:17:00.000Z","2017-10-25T06:47:00.000Z","Vacation","","",""
"0Hw6A000000YutLSAS","0Hn6A000000YQZTSA4","2018-02-28T21:09:07.000Z","2017-03-08T21:00:00.000Z","2017-03-09T04:00:00.000Z","Vacation","","",""
"0Hw6A000000YutMSAS","0Hn6A000000YQZXSA4","2018-02-28T21:09:07.000Z","2017-03-08T20:11:00.000Z","2017-03-08T20:41:00.000Z","Vacation","","",""
"0Hw6A000000YutNSAS","0Hn6A000000YQZQSA4","2018-02-28T21:09:07.000Z","2017-03-08T20:39:00.000Z","2017-03-08T21:09:00.000Z","Vacation","","",""
"0Hw6A000000YutOSAS","0Hn6A000000YQZSSA4","2018-02-28T21:09:07.000Z","2017-03-08T21:16:00.000Z","2017-03-08T21:46:00.000Z","Vacation","","",""
"0Hw6A000000YutPSAS","0Hn6A000000YQZYSA4","2018-02-28T21:09:07.000Z","2017-03-08T20:06:00.000Z","2017-03-08T20:36:00.000Z","Vacation","","",""
"0Hw6A000000YutQSAS","0Hn6A000000YQZUSA4","2018-02-28T21:09:07.000Z","2017-03-08T20:33:00.000Z","2017-03-08T21:03:00.000Z","Vacation","","",""
"0Hw6A000000YutRSAS","0Hn6A000000YQZRSA4","2018-02-28T21:09:07.000Z","2017-03-08T20:03:00.000Z","2017-03-08T20:33:00.000Z","Vacation","","",""
"0Hw6A000000YutSSAS","0Hn6A000000YQZWSA4","2018-02-28T21:09:07.000Z","2017-03-08T20:06:00.000Z","2017-03-08T20:36:00.000Z","Vacation","","",""
"0Hw6A000000YutTSAS","0Hn6A000000YQZTSA4","2018-02-28T21:09:07.000Z","2017-03-08T20:00:00.000Z","2017-03-08T20:30:00.000Z","Vacation","","",""
"0Hw6A000000YutUSAS","0Hn6A000000YQZXSA4","2018-02-28T21:09:07.000Z","2017-03-09T20:07:00.000Z","2017-03-09T20:37:00.000Z","Vacation","","",""
"0Hw6A000000YutVSAS","0Hn6A000000YQZWSA4","2018-02-28T21:09:07.000Z","2017-03-09T20:03:00.000Z","2017-03-09T20:33:00.000Z","Vacation","","",""
"0Hw6A000000YutWSAS","0Hn6A000000YQZTSA4","2018-02-28T21:09:07.000Z","2017-03-09T20:38:00.000Z","2017-03-09T21:08:00.000Z","Vacation","","",""
"0Hw6A000000YutXSAS","0Hn6A000000YQZYSA4","2018-02-28T21:09:07.000Z","2017-03-09T20:10:00.000Z","2017-03-09T20:40:00.000Z","Vacation","","",""
"0Hw6A000000YutYSAS","0Hn6A000000YQZXSA4","2018-02-28T21:09:07.000Z","2017-03-10T20:10:00.000Z","2017-03-10T20:40:00.000Z","Vacation","","",""
"0Hw6A000000YutZSAS","0Hn6A000000YQZQSA4","2018-02-28T21:09:07.000Z","2017-03-09T21:07:00.000Z","2017-03-09T21:37:00.000Z","Vacation","","",""
"0Hw6A000000YutaSAC","0Hn6A000000YQZTSA4","2018-02-28T21:09:07.000Z","2017-03-10T20:02:00.000Z","2017-03-10T20:32:00.000Z","Vacation","","",""
"0Hw6A000000YutbSAC","0Hn6A000000YQZUSA4","2018-02-28T21:09:07.000Z","2017-03-09T20:19:00.000Z","2017-03-09T20:49:00.000Z","Vacation","","",""
"0Hw6A000000YutcSAC","0Hn6A000000YQZRSA4","2018-02-28T21:09:07.000Z","2017-03-09T20:49:00.000Z","2017-03-09T21:19:00.000Z","Vacation","","",""
"0Hw6A000000YutdSAC","0Hn6A000000YQZdSAO","2018-02-28T21:09:07.000Z","2017-03-08T20:32:00.000Z","2017-03-08T21:02:00.000Z","Vacation","","",""
"0Hw6A000000YuteSAC","0Hn6A000000YQZfSAO","2018-02-28T21:09:07.000Z","2017-03-08T19:23:00.000Z","2017-03-08T19:53:00.000Z","Vacation","","",""
"0Hw6A000000YutfSAC","0Hn6A000000YQZcSAO","2018-02-28T21:09:07.000Z","2017-03-08T20:39:00.000Z","2017-03-08T21:09:00.000Z","Vacation","","",""
"0Hw6A000000YutgSAC","0Hn6A000000YQZVSA4","2018-02-28T21:09:07.000Z","2017-03-08T19:19:00.000Z","2017-03-08T19:49:00.000Z","Vacation","","",""
"0Hw6A000000YuthSAC","0Hn6A000000YQZeSAO","2018-02-28T21:09:07.000Z","2017-03-08T21:44:00.000Z","2017-03-08T22:14:00.000Z","Vacation","","",""
"0Hw6A000000YutiSAC","0Hn6A000000YQZjSAO","2018-02-28T21:09:07.000Z","2017-03-08T20:17:00.000Z","2017-03-08T20:47:00.000Z","Vacation","","",""
"0Hw6A000000YutjSAC","0Hn6A000000YQZgSAO","2018-02-28T21:09:07.000Z","2017-03-08T20:38:00.000Z","2017-03-08T21:08:00.000Z","Vacation","","",""
"0Hw6A000000YutkSAC","0Hn6A000000YQZiSAO","2018-02-28T21:09:07.000Z","2017-03-08T20:38:00.000Z","2017-03-08T21:08:00.000Z","Vacation","","",""
"0Hw6A000000YutlSAC","0Hn6A000000YQZaSAO","2018-02-28T21:09:07.000Z","2017-03-08T20:44:00.000Z","2017-03-08T21:14:00.000Z","Vacation","","",""
"0Hw6A000000YutmSAC","0Hn6A000000YQZbSAO","2018-02-28T21:09:07.000Z","2017-03-08T19:09:00.000Z","2017-03-08T19:39:00.000Z","Vacation","","",""
"0Hw6A000000YutnSAC","0Hn6A000000YQZdSAO","2018-02-28T21:09:07.000Z","2017-03-09T19:00:00.000Z","2017-03-09T19:30:00.000Z","Vacation","","",""
"0Hw6A000000YutoSAC","0Hn6A000000YQZVSA4","2018-02-28T21:09:07.000Z","2017-03-09T19:44:00.000Z","2017-03-09T20:14:00.000Z","Vacation","","",""
"0Hw6A000000YutpSAC","0Hn6A000000YQZbSAO","2018-02-28T21:09:07.000Z","2017-03-09T20:15:00.000Z","2017-03-09T20:45:00.000Z","Vacation","","",""
"0Hw6A000000YutqSAC","0Hn6A000000YQZaSAO","2018-02-28T21:09:07.000Z","2017-03-09T20:19:00.000Z","2017-03-09T20:49:00.000Z","Vacation","","",""
"0Hw6A000000YutrSAC","0Hn6A000000YQZgSAO","2018-02-28T21:09:07.000Z","2017-03-09T20:29:00.000Z","2017-03-09T20:59:00.000Z","Vacation","","",""
"0Hw6A000000YutsSAC","0Hn6A000000YQZiSAO","2018-02-28T21:09:07.000Z","2017-03-09T20:32:00.000Z","2017-03-09T21:02:00.000Z","Vacation","","",""
"0Hw6A000000YuttSAC","0Hn6A000000YQZfSAO","2018-02-28T21:09:07.000Z","2017-03-09T20:14:00.000Z","2017-03-09T20:44:00.000Z","Vacation","","",""
"0Hw6A000000YutuSAC","0Hn6A000000YQZhSAO","2018-02-28T21:09:07.000Z","2017-03-08T19:41:00.000Z","2017-03-08T20:11:00.000Z","Vacation","","",""
"0Hw6A000000YutvSAC","0Hn6A000000YQZVSA4","2018-02-28T21:09:07.000Z","2017-03-10T20:40:00.000Z","2017-03-10T21:10:00.000Z","Vacation","","",""
"0Hw6A000000YutwSAC","0Hn6A000000YQZcSAO","2018-02-28T21:09:07.000Z","2017-03-09T20:46:00.000Z","2017-03-09T21:16:00.000Z","Vacation","","",""
"0Hw6A000000YutxSAC","0Hn6A000000YQZbSAO","2018-02-28T21:09:07.000Z","2017-03-10T20:06:00.000Z","2017-03-10T20:36:00.000Z","Vacation","","",""
"0Hw6A000000YutySAC","0Hn6A000000YQZaSAO","2018-02-28T21:09:07.000Z","2017-03-10T21:41:00.000Z","2017-03-10T22:11:00.000Z","Vacation","","",""
"0Hw6A000000YutzSAC","0Hn6A000000YQZjSAO","2018-02-28T21:09:07.000Z","2017-03-09T20:53:00.000Z","2017-03-09T21:23:00.000Z","Vacation","","",""
"0Hw6A000000Yuu0SAC","0Hn6A000000YQZhSAO","2018-02-28T21:09:07.000Z","2017-03-09T20:34:00.000Z","2017-03-09T21:04:00.000Z","Vacation","","",""
"0Hw6A000000Yuu1SAC","0Hn6A000000YQZeSAO","2018-02-28T21:09:07.000Z","2017-03-09T20:33:00.000Z","2017-03-09T21:03:00.000Z","Vacation","","",""
"0Hw6A000000Yuu2SAC","0Hn6A000000YQZeSAO","2018-02-28T21:09:07.000Z","2017-03-10T20:18:00.000Z","2017-03-10T20:48:00.000Z","Vacation","","",""
"0Hw6A000000Yuu3SAC","0Hn6A000000YQZcSAO","2018-02-28T21:09:07.000Z","2017-03-10T20:25:00.000Z","2017-03-10T20:55:00.000Z","Vacation","","",""
"0Hw6A000000Yuu4SAC","0Hn6A000000YQZgSAO","2018-02-28T21:09:07.000Z","2017-03-10T20:12:00.000Z","2017-03-10T20:42:00.000Z","Vacation","","",""
"0Hw6A000000Yuu5SAC","0Hn6A000000YQZjSAO","2018-02-28T21:09:07.000Z","2017-03-10T20:58:00.000Z","2017-03-10T21:28:00.000Z","Vacation","","",""
"0Hw6A000000Yuu6SAC","0Hn6A000000YQZhSAO","2018-02-28T21:09:07.000Z","2017-03-10T20:17:00.000Z","2017-03-10T20:47:00.000Z","Vacation","","",""
"0Hw6A000000Yuu7SAC","0Hn6A000000YQZfSAO","2018-02-28T21:09:07.000Z","2017-03-10T21:55:00.000Z","2017-03-10T22:25:00.000Z","Vacation","","",""
"0Hw6A000000Yuu8SAC","0Hn6A000000YQZiSAO","2018-02-28T21:09:07.000Z","2017-03-10T20:08:00.000Z","2017-03-10T20:38:00.000Z","Vacation","","",""
"0Hw6A000000Yuu9SAC","0Hn6A000000YQZdSAO","2018-02-28T21:09:07.000Z","2017-03-10T20:53:00.000Z","2017-03-10T21:23:00.000Z","Vacation","","",""
"0Hw6A000000YuuASAS","0Hn6A000000YQZSSA4","2018-02-28T21:09:07.000Z","2017-03-10T21:12:00.000Z","2017-03-10T21:42:00.000Z","Vacation","","",""
"0Hw6A000000YuuBSAS","0Hn6A000000YQZYSA4","2018-02-28T21:09:07.000Z","2017-03-10T20:45:00.000Z","2017-03-10T21:15:00.000Z","Vacation","","",""
"0Hw6A000000YuuCSAS","0Hn6A000000YQZQSA4","2018-02-28T21:09:07.000Z","2017-03-10T20:55:00.000Z","2017-03-10T21:25:00.000Z","Vacation","","",""
"0Hw6A000000YuuDSAS","0Hn6A000000YQZRSA4","2018-02-28T21:09:07.000Z","2017-03-10T20:10:00.000Z","2017-03-10T20:40:00.000Z","Vacation","","",""
"0Hw6A000000YuuESAS","0Hn6A000000YQZWSA4","2018-02-28T21:09:07.000Z","2017-03-10T20:00:00.000Z","2017-03-10T20:30:00.000Z","Vacation","","",""
"0Hw6A000000YuuFSAS","0Hn6A000000YQZUSA4","2018-02-28T21:09:07.000Z","2017-03-10T20:00:00.000Z","2017-03-10T20:30:00.000Z","Vacation","","",""
"0Hw6A000000YuuGSAS","0Hn6A000000YQZYSA4","2018-02-28T21:09:07.000Z","2017-03-29T19:00:00.000Z","2017-03-29T19:30:00.000Z","Vacation","","",""
"0Hw6A000000YuuHSAS","0Hn6A000000YQZYSA4","2018-02-28T21:09:07.000Z","2017-03-30T19:00:00.000Z","2017-03-30T19:30:00.000Z","Vacation","","",""
"0Hw6A000000YuuISAS","0Hn6A000000YQZYSA4","2018-02-28T21:09:07.000Z","2017-04-04T19:00:00.000Z","2017-04-04T19:30:00.000Z","Vacation","","",""
"0Hw6A000000YuuJSAS","0Hn6A000000YQZSSA4","2018-02-28T21:09:07.000Z","2017-03-09T20:00:00.000Z","2017-03-09T20:30:00.000Z","Vacation","","",""
"0Hw6A000000YuowSAC","0Hn6A000000YQZYSA4","2018-02-28T21:09:07.000Z","2017-04-01T19:00:00.000Z","2017-04-01T19:30:00.000Z","Vacation","","",""
"0Hw6A000000YuoxSAC","0Hn6A000000YQZWSA4","2018-02-28T21:09:07.000Z","2017-04-07T19:00:00.000Z","2017-04-07T19:30:00.000Z","Vacation","","",""
"0Hw6A000000YuoySAC","0Hn6A000000YQZYSA4","2018-02-28T21:09:07.000Z","2017-04-08T19:00:00.000Z","2017-04-08T19:30:00.000Z","Vacation","","",""
"0Hw6A000000YuozSAC","0Hn6A000000YQZWSA4","2018-02-28T21:09:07.000Z","2017-04-14T19:00:00.000Z","2017-04-14T19:30:00.000Z","Vacation","","",""
"0Hw6A000000Yup0SAC","0Hn6A000000YQZQSA4","2018-02-28T21:09:07.000Z","2017-02-22T20:00:00.000Z","2017-02-22T20:30:00.000Z","Vacation","","",""
"0Hw6A000000Yup1SAC","0Hn6A000000YQZRSA4","2018-02-28T21:09:07.000Z","2017-02-22T20:00:00.000Z","2017-02-22T20:30:00.000Z","Vacation","","",""
"0Hw6A000000Yup2SAC","0Hn6A000000YQZSSA4","2018-02-28T21:09:07.000Z","2017-02-22T20:58:00.000Z","2017-02-22T21:28:00.000Z","Vacation","","",""
"0Hw6A000000Yup3SAC","0Hn6A000000YQZSSA4","2018-02-28T21:09:07.000Z","2017-02-23T20:34:00.000Z","2017-02-23T21:04:00.000Z","Vacation","","",""
"0Hw6A000000Yup4SAC","0Hn6A000000YQZTSA4","2018-02-28T21:09:07.000Z","2017-02-23T20:21:00.000Z","2017-02-23T20:51:00.000Z","Vacation","","",""
"0Hw6A000000Yup5SAC","0Hn6A000000YQZTSA4","2018-02-28T21:09:07.000Z","2017-02-22T20:33:00.000Z","2017-02-22T21:03:00.000Z","Vacation","","",""
"0Hw6A000000Yup6SAC","0Hn6A000000YQZTSA4","2018-02-28T21:09:07.000Z","2017-02-24T20:27:00.000Z","2017-02-24T20:57:00.000Z","Vacation","","",""
"0Hw6A000000Yup7SAC","0Hn6A000000YQZUSA4","2018-02-28T21:09:07.000Z","2017-02-22T20:36:00.000Z","2017-02-22T21:06:00.000Z","Vacation","","",""
"0Hw6A000000Yup8SAC","0Hn6A000000YQZVSA4","2018-02-28T21:09:07.000Z","2017-02-22T19:50:00.000Z","2017-02-22T20:20:00.000Z","Vacation","","",""
"0Hw6A000000Yup9SAC","0Hn6A000000YQZVSA4","2018-02-28T21:09:07.000Z","2017-02-23T20:00:00.000Z","2017-02-23T20:30:00.000Z","Vacation","","",""
"0Hw6A000000YupASAS","0Hn6A000000YQZVSA4","2018-02-28T21:09:07.000Z","2017-02-24T21:02:00.000Z","2017-02-24T21:32:00.000Z","Vacation","","",""
"0Hw6A000000YupBSAS","0Hn6A000000YQZWSA4","2018-02-28T21:09:07.000Z","2017-02-22T20:00:00.000Z","2017-02-22T20:30:00.000Z","Vacation","","",""
"0Hw6A000000YupCSAS","0Hn6A000000YQZXSA4","2018-02-28T21:09:07.000Z","2017-02-22T21:58:00.000Z","2017-02-22T22:28:00.000Z","Vacation","","",""
"0Hw6A000000YupDSAS","0Hn6A000000YQZXSA4","2018-02-28T21:09:07.000Z","2017-02-23T20:00:00.000Z","2017-02-23T20:30:00.000Z","Vacation","","",""
"0Hw6A000000YupESAS","0Hn6A000000YQZYSA4","2018-02-28T21:09:07.000Z","2017-02-24T20:30:00.000Z","2017-02-24T21:00:00.000Z","Vacation","","",""
"0Hw6A000000YupFSAS","0Hn6A000000YQZYSA4","2018-02-28T21:09:07.000Z","2017-02-22T20:00:00.000Z","2017-02-22T20:30:00.000Z","Vacation","","",""
"0Hw6A000000YupGSAS","0Hn6A000000YQZYSA4","2018-02-28T21:09:07.000Z","2017-02-23T20:10:00.000Z","2017-02-23T20:40:00.000Z","Vacation","","",""
"0Hw6A000000YupHSAS","0Hn6A000000YQZaSAO","2018-02-28T21:09:07.000Z","2017-02-24T20:45:00.000Z","2017-02-24T21:15:00.000Z","Vacation","","",""
"0Hw6A000000YupISAS","0Hn6A000000YQZaSAO","2018-02-28T21:09:07.000Z","2017-02-23T20:00:00.000Z","2017-02-23T20:30:00.000Z","Vacation","","",""
"0Hw6A000000YupJSAS","0Hn6A000000YQZaSAO","2018-02-28T21:09:07.000Z","2017-02-22T20:47:00.000Z","2017-02-22T21:17:00.000Z","Vacation","","",""
"0Hw6A000000YupKSAS","0Hn6A000000YQZbSAO","2018-02-28T21:09:07.000Z","2017-02-23T20:00:00.000Z","2017-02-23T20:30:00.000Z","Vacation","","",""
"0Hw6A000000YupLSAS","0Hn6A000000YQZbSAO","2018-02-28T21:09:07.000Z","2017-02-24T20:12:00.000Z","2017-02-24T20:42:00.000Z","Vacation","","",""
"0Hw6A000000YupMSAS","0Hn6A000000YQZbSAO","2018-02-28T21:09:07.000Z","2017-02-22T20:42:00.000Z","2017-02-22T21:12:00.000Z","Vacation","","",""
"0Hw6A000000YupNSAS","0Hn6A000000YQZcSAO","2018-02-28T21:09:07.000Z","2017-02-22T20:52:00.000Z","2017-02-22T21:22:00.000Z","Vacation","","",""
"0Hw6A000000YupOSAS","0Hn6A000000YQZcSAO","2018-02-28T21:09:07.000Z","2017-02-23T19:21:00.000Z","2017-02-23T19:51:00.000Z","Vacation","","",""
"0Hw6A000000YupPSAS","0Hn6A000000YQZdSAO","2018-02-28T21:09:07.000Z","2017-02-22T20:00:00.000Z","2017-02-22T20:30:00.000Z","Vacation","","",""
"0Hw6A000000YupQSAS","0Hn6A000000YQZdSAO","2018-02-28T21:09:07.000Z","2017-02-23T19:56:00.000Z","2017-02-23T20:26:00.000Z","Vacation","","",""
"0Hw6A000000YupRSAS","0Hn6A000000YQZdSAO","2018-02-28T21:09:07.000Z","2017-02-24T20:00:00.000Z","2017-02-24T20:30:00.000Z","Vacation","","",""
"0Hw6A000000YupSSAS","0Hn6A000000YQZeSAO","2018-02-28T21:09:07.000Z","2017-02-22T20:00:00.000Z","2017-02-22T20:30:00.000Z","Vacation","","",""
"0Hw6A000000YupTSAS","0Hn6A000000YQZfSAO","2018-02-28T21:09:07.000Z","2017-02-23T20:23:00.000Z","2017-02-23T20:53:00.000Z","Vacation","","",""
"0Hw6A000000YupUSAS","0Hn6A000000YQZfSAO","2018-02-28T21:09:07.000Z","2017-02-22T20:55:00.000Z","2017-02-22T21:25:00.000Z","Vacation","","",""
"0Hw6A000000YupVSAS","0Hn6A000000YQZfSAO","2018-02-28T21:09:07.000Z","2017-02-24T20:59:00.000Z","2017-02-24T21:29:00.000Z","Vacation","","",""
"0Hw6A000000YupWSAS","0Hn6A000000YQZgSAO","2018-02-28T21:09:07.000Z","2017-02-23T21:51:00.000Z","2017-02-23T22:21:00.000Z","Vacation","","",""
"0Hw6A000000YupXSAS","0Hn6A000000YQZgSAO","2018-02-28T21:09:07.000Z","2017-02-24T21:58:00.000Z","2017-02-24T22:28:00.000Z","Vacation","","",""
"0Hw6A000000YupYSAS","0Hn6A000000YQZgSAO","2018-02-28T21:09:07.000Z","2017-02-22T21:27:00.000Z","2017-02-22T21:57:00.000Z","Vacation","","",""
"0Hw6A000000YupZSAS","0Hn6A000000YQZhSAO","2018-02-28T21:09:07.000Z","2017-02-23T20:57:00.000Z","2017-02-23T21:27:00.000Z","Vacation","","",""
"0Hw6A000000YupaSAC","0Hn6A000000YQZhSAO","2018-02-28T21:09:07.000Z","2017-02-24T20:43:00.000Z","2017-02-24T21:13:00.000Z","Vacation","","",""
"0Hw6A000000YupbSAC","0Hn6A000000YQZhSAO","2018-02-28T21:09:07.000Z","2017-02-22T20:48:00.000Z","2017-02-22T21:18:00.000Z","Vacation","","",""
"0Hw6A000000YupcSAC","0Hn6A000000YQZiSAO","2018-02-28T21:09:07.000Z","2017-02-23T20:00:00.000Z","2017-02-23T20:30:00.000Z","Vacation","","",""
"0Hw6A000000YupdSAC","0Hn6A000000YQZiSAO","2018-02-28T21:09:07.000Z","2017-02-24T20:32:00.000Z","2017-02-24T21:02:00.000Z","Vacation","","",""
"0Hw6A000000YupeSAC","0Hn6A000000YQZiSAO","2018-02-28T21:09:07.000Z","2017-02-22T20:00:00.000Z","2017-02-22T20:30:00.000Z","Vacation","","",""
"0Hw6A000000YupfSAC","0Hn6A000000YQZiSAO","2018-02-28T21:09:07.000Z","2017-02-25T20:02:00.000Z","2017-02-25T20:32:00.000Z","Vacation","","",""
"0Hw6A000000YupgSAC","0Hn6A000000YQZjSAO","2018-02-28T21:09:07.000Z","2017-02-23T20:43:00.000Z","2017-02-23T21:13:00.000Z","Vacation","","",""
"0Hw6A000000YuphSAC","0Hn6A000000YQZjSAO","2018-02-28T21:09:07.000Z","2017-02-22T19:51:00.000Z","2017-02-22T20:21:00.000Z","Vacation","","",""
"0Hw6A000000YupiSAC","0Hn6A000000YQZQSA4","2018-02-28T21:09:07.000Z","2017-02-23T21:09:00.000Z","2017-02-23T21:39:00.000Z","Vacation","","",""
"0Hw6A000000YupjSAC","0Hn6A000000YQZQSA4","2018-02-28T21:09:07.000Z","2017-02-24T20:00:00.000Z","2017-02-24T20:30:00.000Z","Vacation","","",""
"0Hw6A000000YupkSAC","0Hn6A000000YQZRSA4","2018-02-28T21:09:07.000Z","2017-02-24T20:39:00.000Z","2017-02-24T21:09:00.000Z","Vacation","","",""
"0Hw6A000000YuplSAC","0Hn6A000000YQZRSA4","2018-02-28T21:09:07.000Z","2017-02-25T19:22:00.000Z","2017-02-25T19:52:00.000Z","Vacation","","",""
"0Hw6A000000YupmSAC","0Hn6A000000YQZRSA4","2018-02-28T21:09:07.000Z","2017-02-23T20:47:00.000Z","2017-02-23T21:17:00.000Z","Vacation","","",""
"0Hw6A000000YupnSAC","0Hn6A000000YQZSSA4","2018-02-28T21:09:07.000Z","2017-02-25T20:00:00.000Z","2017-02-25T20:30:00.000Z","Vacation","","",""
"0Hw6A000000YupoSAC","0Hn6A000000YQZSSA4","2018-02-28T21:09:07.000Z","2017-02-24T20:47:00.000Z","2017-02-24T21:17:00.000Z","Vacation","","",""
"0Hw6A000000YuppSAC","0Hn6A000000YQZTSA4","2018-02-28T21:09:07.000Z","2017-02-25T20:24:00.000Z","2017-02-25T20:54:00.000Z","Vacation","","",""
"0Hw6A000000YupqSAC","0Hn6A000000YQZUSA4","2018-02-28T21:09:07.000Z","2017-02-25T19:46:00.000Z","2017-02-25T20:16:00.000Z","Vacation","","",""
"0Hw6A000000YuprSAC","0Hn6A000000YQZUSA4","2018-02-28T21:09:07.000Z","2017-02-23T21:59:00.000Z","2017-02-23T22:29:00.000Z","Vacation","","",""
"0Hw6A000000YupsSAC","0Hn6A000000YQZUSA4","2018-02-28T21:09:07.000Z","2017-02-24T20:42:00.000Z","2017-02-24T21:12:00.000Z","Vacation","","",""
"0Hw6A000000YuptSAC","0Hn6A000000YQZVSA4","2018-02-28T21:09:07.000Z","2017-02-26T20:20:00.000Z","2017-02-26T20:50:00.000Z","Vacation","","",""
"0Hw6A000000YupuSAC","0Hn6A000000YQZVSA4","2018-02-28T21:09:07.000Z","2017-02-25T20:00:00.000Z","2017-02-25T20:30:00.000Z","Vacation","","",""
"0Hw6A000000YupvSAC","0Hn6A000000YQZWSA4","2018-02-28T21:09:07.000Z","2017-02-24T19:37:00.000Z","2017-02-24T20:07:00.000Z","Vacation","","",""
"0Hw6A000000YupwSAC","0Hn6A000000YQZWSA4","2018-02-28T21:09:07.000Z","2017-02-23T20:00:00.000Z","2017-02-23T20:30:00.000Z","Vacation","","",""
"0Hw6A000000YupxSAC","0Hn6A000000YQZXSA4","2018-02-28T21:09:07.000Z","2017-02-24T20:00:00.000Z","2017-02-24T20:30:00.000Z","Vacation","","",""
"0Hw6A000000YupySAC","0Hn6A000000YQZXSA4","2018-02-28T21:09:07.000Z","2017-02-25T20:58:00.000Z","2017-02-25T21:28:00.000Z","Vacation","","",""
"0Hw6A000000YupzSAC","0Hn6A000000YQZYSA4","2018-02-28T21:09:07.000Z","2017-02-25T20:00:00.000Z","2017-02-25T20:30:00.000Z","Vacation","","",""
"0Hw6A000000Yuq0SAC","0Hn6A000000YQZaSAO","2018-02-28T21:09:07.000Z","2017-02-26T19:52:00.000Z","2017-02-26T20:22:00.000Z","Vacation","","",""
"0Hw6A000000Yuq1SAC","0Hn6A000000YQZaSAO","2018-02-28T21:09:07.000Z","2017-02-25T19:40:00.000Z","2017-02-25T20:10:00.000Z","Vacation","","",""
"0Hw6A000000Yuq2SAC","0Hn6A000000YQZbSAO","2018-02-28T21:09:07.000Z","2017-02-26T21:53:00.000Z","2017-02-26T22:23:00.000Z","Vacation","","",""
"0Hw6A000000Yuq3SAC","0Hn6A000000YQZbSAO","2018-02-28T21:09:07.000Z","2017-02-27T20:56:00.000Z","2017-02-27T21:26:00.000Z","Vacation","","",""
"0Hw6A000000Yuq4SAC","0Hn6A000000YQZbSAO","2018-02-28T21:09:07.000Z","2017-02-25T20:00:00.000Z","2017-02-25T20:30:00.000Z","Vacation","","",""
"0Hw6A000000Yuq5SAC","0Hn6A000000YQZcSAO","2018-02-28T21:09:07.000Z","2017-02-24T20:56:00.000Z","2017-02-24T21:26:00.000Z","Vacation","","",""
"0Hw6A000000Yuq6SAC","0Hn6A000000YQZcSAO","2018-02-28T21:09:07.000Z","2017-02-25T20:08:00.000Z","2017-02-25T20:38:00.000Z","Vacation","","",""
"0Hw6A000000Yuq7SAC","0Hn6A000000YQZcSAO","2018-02-28T21:09:07.000Z","2017-02-26T19:52:00.000Z","2017-02-26T20:22:00.000Z","Vacation","","",""
"0Hw6A000000Yuq8SAC","0Hn6A000000YQZdSAO","2018-02-28T21:09:07.000Z","2017-02-25T20:23:00.000Z","2017-02-25T20:53:00.000Z","Vacation","","",""
"0Hw6A000000Yuq9SAC","0Hn6A000000YQZdSAO","2018-02-28T21:09:07.000Z","2017-02-26T20:00:00.000Z","2017-02-26T20:30:00.000Z","Vacation","","",""
"0Hw6A000000YuqASAS","0Hn6A000000YQZeSAO","2018-02-28T21:09:07.000Z","2017-02-23T20:00:00.000Z","2017-02-23T20:30:00.000Z","Vacation","","",""
"0Hw6A000000YuqBSAS","0Hn6A000000YQZeSAO","2018-02-28T21:09:07.000Z","2017-02-24T20:37:00.000Z","2017-02-24T21:07:00.000Z","Vacation","","",""
"0Hw6A000000YuqCSAS","0Hn6A000000YQZfSAO","2018-02-28T21:09:07.000Z","2017-02-25T20:32:00.000Z","2017-02-25T21:02:00.000Z","Vacation","","",""
"0Hw6A000000YuqDSAS","0Hn6A000000YQZfSAO","2018-02-28T21:09:07.000Z","2017-02-26T20:00:00.000Z","2017-02-26T20:30:00.000Z","Vacation","","",""
"0Hw6A000000YuqESAS","0Hn6A000000YQZgSAO","2018-02-28T21:09:07.000Z","2017-02-26T20:47:00.000Z","2017-02-26T21:17:00.000Z","Vacation","","",""
"0Hw6A000000YuqFSAS","0Hn6A000000YQZgSAO","2018-02-28T21:09:07.000Z","2017-02-25T20:00:00.000Z","2017-02-25T20:30:00.000Z","Vacation","","",""
"0Hw6A000000YuqGSAS","0Hn6A000000YQZhSAO","2018-02-28T21:09:07.000Z","2017-02-25T19:57:00.000Z","2017-02-25T20:27:00.000Z","Vacation","","",""
"0Hw6A000000YuqHSAS","0Hn6A000000YQZhSAO","2018-02-28T21:09:07.000Z","2017-02-26T20:56:00.000Z","2017-02-26T21:26:00.000Z","Vacation","","",""
"0Hw6A000000YuqISAS","0Hn6A000000YQZiSAO","2018-02-28T21:09:07.000Z","2017-02-26T20:00:00.000Z","2017-02-26T20:30:00.000Z","Vacation","","",""
"0Hw6A000000YuqJSAS","0Hn6A000000YQZjSAO","2018-02-28T21:09:07.000Z","2017-02-25T20:40:00.000Z","2017-02-25T21:10:00.000Z","Vacation","","",""
"0Hw6A000000YuqKSAS","0Hn6A000000YQZjSAO","2018-02-28T21:09:07.000Z","2017-02-26T20:00:00.000Z","2017-02-26T20:30:00.000Z","Vacation","","",""
"0Hw6A000000YuqLSAS","0Hn6A000000YQZjSAO","2018-02-28T21:09:07.000Z","2017-02-24T20:59:00.000Z","2017-02-24T21:29:00.000Z","Vacation","","",""
"0Hw6A000000YuqMSAS","0Hn6A000000YQZQSA4","2018-02-28T21:09:07.000Z","2017-02-26T20:00:00.000Z","2017-02-26T20:30:00.000Z","Vacation","","",""
"0Hw6A000000YuqNSAS","0Hn6A000000YQZQSA4","2018-02-28T21:09:07.000Z","2017-02-27T21:33:00.000Z","2017-02-27T22:03:00.000Z","Vacation","","",""
"0Hw6A000000YuqOSAS","0Hn6A000000YQZQSA4","2018-02-28T21:09:07.000Z","2017-02-25T20:48:00.000Z","2017-02-25T21:18:00.000Z","Vacation","","",""
"0Hw6A000000YuqPSAS","0Hn6A000000YQZRSA4","2018-02-28T21:09:07.000Z","2017-02-27T21:17:00.000Z","2017-02-27T21:47:00.000Z","Vacation","","",""
"0Hw6A000000YuqQSAS","0Hn6A000000YQZRSA4","2018-02-28T21:09:07.000Z","2017-02-26T20:00:00.000Z","2017-02-26T20:30:00.000Z","Vacation","","",""
"0Hw6A000000YuqRSAS","0Hn6A000000YQZSSA4","2018-02-28T21:09:07.000Z","2017-02-27T20:00:00.000Z","2017-02-27T20:30:00.000Z","Vacation","","",""
"0Hw6A000000YuqSSAS","0Hn6A000000YQZSSA4","2018-02-28T21:09:07.000Z","2017-02-26T20:00:00.000Z","2017-02-26T20:30:00.000Z","Vacation","","",""
"0Hw6A000000YuqTSAS","0Hn6A000000YQZTSA4","2018-02-28T21:09:07.000Z","2017-02-27T21:34:00.000Z","2017-02-27T22:04:00.000Z","Vacation","","",""
"0Hw6A000000YuqUSAS","0Hn6A000000YQZTSA4","2018-02-28T21:09:07.000Z","2017-02-26T19:40:00.000Z","2017-02-26T20:10:00.000Z","Vacation","","",""
"0Hw6A000000YuqVSAS","0Hn6A000000YQZUSA4","2018-02-28T21:09:07.000Z","2017-02-27T21:35:00.000Z","2017-02-27T22:05:00.000Z","Vacation","","",""
"0Hw6A000000YuqWSAS","0Hn6A000000YQZUSA4","2018-02-28T21:09:07.000Z","2017-02-26T19:55:00.000Z","2017-02-26T20:25:00.000Z","Vacation","","",""
"0Hw6A000000YuqXSAS","0Hn6A000000YQZVSA4","2018-02-28T21:09:07.000Z","2017-02-27T20:49:00.000Z","2017-02-27T21:19:00.000Z","Vacation","","",""
"0Hw6A000000YuqYSAS","0Hn6A000000YQZWSA4","2018-02-28T21:09:07.000Z","2017-02-26T20:00:00.000Z","2017-02-26T20:30:00.000Z","Vacation","","",""
"0Hw6A000000YuqZSAS","0Hn6A000000YQZWSA4","2018-02-28T21:09:07.000Z","2017-02-27T20:36:00.000Z","2017-02-27T21:06:00.000Z","Vacation","","",""
"0Hw6A000000YuqaSAC","0Hn6A000000YQZWSA4","2018-02-28T21:09:07.000Z","2017-02-25T20:52:00.000Z","2017-02-25T21:22:00.000Z","Vacation","","",""
"0Hw6A000000YuqbSAC","0Hn6A000000YQZXSA4","2018-02-28T21:09:07.000Z","2017-02-27T20:00:00.000Z","2017-02-27T20:30:00.000Z","Vacation","","",""
"0Hw6A000000YuqcSAC","0Hn6A000000YQZXSA4","2018-02-28T21:09:07.000Z","2017-02-26T20:00:00.000Z","2017-02-26T20:30:00.000Z","Vacation","","",""
"0Hw6A000000YuqdSAC","0Hn6A000000YQZYSA4","2018-02-28T21:09:07.000Z","2017-02-26T20:43:00.000Z","2017-02-26T21:13:00.000Z","Vacation","","",""
"0Hw6A000000YuqeSAC","0Hn6A000000YQZYSA4","2018-02-28T21:09:07.000Z","2017-02-28T20:00:00.000Z","2017-02-28T20:30:00.000Z","Vacation","","",""
"0Hw6A000000YuqfSAC","0Hn6A000000YQZYSA4","2018-02-28T21:09:07.000Z","2017-02-27T20:40:00.000Z","2017-02-27T21:10:00.000Z","Vacation","","",""
"0Hw6A000000YuqgSAC","0Hn6A000000YQZaSAO","2018-02-28T21:09:07.000Z","2017-02-27T20:20:00.000Z","2017-02-27T20:50:00.000Z","Vacation","","",""
"0Hw6A000000YuqhSAC","0Hn6A000000YQZaSAO","2018-02-28T21:09:07.000Z","2017-02-28T20:52:00.000Z","2017-02-28T21:22:00.000Z","Vacation","","",""
"0Hw6A000000YuqiSAC","0Hn6A000000YQZaSAO","2018-02-28T21:09:07.000Z","2017-03-01T20:17:00.000Z","2017-03-01T20:47:00.000Z","Vacation","","",""
"0Hw6A000000YuqjSAC","0Hn6A000000YQZbSAO","2018-02-28T21:09:07.000Z","2017-02-28T19:58:00.000Z","2017-02-28T20:28:00.000Z","Vacation","","",""
"0Hw6A000000YuqkSAC","0Hn6A000000YQZcSAO","2018-02-28T21:09:07.000Z","2017-02-28T20:00:00.000Z","2017-02-28T20:30:00.000Z","Vacation","","",""
"0Hw6A000000YuqlSAC","0Hn6A000000YQZcSAO","2018-02-28T21:09:07.000Z","2017-02-27T20:06:00.000Z","2017-02-27T20:36:00.000Z","Vacation","","",""
"0Hw6A000000YuqmSAC","0Hn6A000000YQZdSAO","2018-02-28T21:09:07.000Z","2017-02-27T20:00:00.000Z","2017-02-27T20:30:00.000Z","Vacation","","",""
"0Hw6A000000YuqnSAC","0Hn6A000000YQZdSAO","2018-02-28T21:09:07.000Z","2017-02-28T20:00:00.000Z","2017-02-28T20:30:00.000Z","Vacation","","",""
"0Hw6A000000YuqoSAC","0Hn6A000000YQZeSAO","2018-02-28T21:09:07.000Z","2017-02-27T20:28:00.000Z","2017-02-27T20:58:00.000Z","Vacation","","",""
"0Hw6A000000YuqpSAC","0Hn6A000000YQZeSAO","2018-02-28T21:09:07.000Z","2017-02-28T20:00:00.000Z","2017-02-28T20:30:00.000Z","Vacation","","",""
"0Hw6A000000YuqqSAC","0Hn6A000000YQZeSAO","2018-02-28T21:09:07.000Z","2017-02-25T20:44:00.000Z","2017-02-25T21:14:00.000Z","Vacation","","",""
"0Hw6A000000YuqrSAC","0Hn6A000000YQZeSAO","2018-02-28T21:09:07.000Z","2017-02-26T20:00:00.000Z","2017-02-26T20:30:00.000Z","Vacation","","",""
"0Hw6A000000YuqsSAC","0Hn6A000000YQZfSAO","2018-02-28T21:09:07.000Z","2017-02-28T20:00:00.000Z","2017-02-28T20:30:00.000Z","Vacation","","",""
"0Hw6A000000YuqtSAC","0Hn6A000000YQZfSAO","2018-02-28T21:09:07.000Z","2017-02-27T19:37:00.000Z","2017-02-27T20:07:00.000Z","Vacation","","",""
"0Hw6A000000YuquSAC","0Hn6A000000YQZgSAO","2018-02-28T21:09:07.000Z","2017-02-28T20:00:00.000Z","2017-02-28T20:30:00.000Z","Vacation","","",""
"0Hw6A000000YuqvSAC","0Hn6A000000YQZgSAO","2018-02-28T21:09:07.000Z","2017-02-27T20:23:00.000Z","2017-02-27T20:53:00.000Z","Vacation","","",""
"0Hw6A000000YuqwSAC","0Hn6A000000YQZhSAO","2018-02-28T21:09:07.000Z","2017-02-28T20:10:00.000Z","2017-02-28T20:40:00.000Z","Vacation","","",""
"0Hw6A000000YuqxSAC","0Hn6A000000YQZhSAO","2018-02-28T21:09:07.000Z","2017-03-01T20:00:00.000Z","2017-03-01T20:30:00.000Z","Vacation","","",""
"0Hw6A000000YuqySAC","0Hn6A000000YQZhSAO","2018-02-28T21:09:07.000Z","2017-02-27T20:00:00.000Z","2017-02-27T20:30:00.000Z","Vacation","","",""
"0Hw6A000000YuqzSAC","0Hn6A000000YQZiSAO","2018-02-28T21:09:07.000Z","2017-02-28T21:56:00.000Z","2017-02-28T22:26:00.000Z","Vacation","","",""
"0Hw6A000000Yur0SAC","0Hn6A000000YQZiSAO","2018-02-28T21:09:07.000Z","2017-03-01T20:00:00.000Z","2017-03-01T20:30:00.000Z","Vacation","","",""
"0Hw6A000000Yur1SAC","0Hn6A000000YQZiSAO","2018-02-28T21:09:07.000Z","2017-02-27T20:00:00.000Z","2017-02-27T20:30:00.000Z","Vacation","","",""
"0Hw6A000000Yur2SAC","0Hn6A000000YQZjSAO","2018-02-28T21:09:07.000Z","2017-02-28T20:21:00.000Z","2017-02-28T20:51:00.000Z","Vacation","","",""
"0Hw6A000000Yur3SAC","0Hn6A000000YQZjSAO","2018-02-28T21:09:07.000Z","2017-02-27T20:18:00.000Z","2017-02-27T20:48:00.000Z","Vacation","","",""
"0Hw6A000000Yur4SAC","0Hn6A000000YQZQSA4","2018-02-28T21:09:07.000Z","2017-03-01T20:05:00.000Z","2017-03-01T20:35:00.000Z","Vacation","","",""
"0Hw6A000000Yur5SAC","0Hn6A000000YQZQSA4","2018-02-28T21:09:07.000Z","2017-02-28T20:12:00.000Z","2017-02-28T20:42:00.000Z","Vacation","","",""
"0Hw6A000000Yur6SAC","0Hn6A000000YQZRSA4","2018-02-28T21:09:07.000Z","2017-02-28T19:57:00.000Z","2017-02-28T20:27:00.000Z","Vacation","","",""
"0Hw6A000000Yur7SAC","0Hn6A000000YQZRSA4","2018-02-28T21:09:07.000Z","2017-03-01T21:38:00.000Z","2017-03-01T22:08:00.000Z","Vacation","","",""
"0Hw6A000000Yur8SAC","0Hn6A000000YQZSSA4","2018-02-28T21:09:07.000Z","2017-03-01T19:47:00.000Z","2017-03-01T20:17:00.000Z","Vacation","","",""
"0Hw6A000000Yur9SAC","0Hn6A000000YQZSSA4","2018-02-28T21:09:07.000Z","2017-02-28T21:58:00.000Z","2017-02-28T22:28:00.000Z","Vacation","","",""
"0Hw6A000000YurASAS","0Hn6A000000YQZTSA4","2018-02-28T21:09:07.000Z","2017-02-28T20:00:00.000Z","2017-02-28T20:30:00.000Z","Vacation","","",""
"0Hw6A000000YurBSAS","0Hn6A000000YQZTSA4","2018-02-28T21:09:07.000Z","2017-03-01T19:22:00.000Z","2017-03-01T19:52:00.000Z","Vacation","","",""
"0Hw6A000000YurCSAS","0Hn6A000000YQZUSA4","2018-02-28T21:09:07.000Z","2017-03-01T20:00:00.000Z","2017-03-01T20:30:00.000Z","Vacation","","",""
"0Hw6A000000YurDSAS","0Hn6A000000YQZUSA4","2018-02-28T21:09:07.000Z","2017-02-28T20:00:00.000Z","2017-02-28T20:30:00.000Z","Vacation","","",""
"0Hw6A000000YurESAS","0Hn6A000000YQZVSA4","2018-02-28T21:09:07.000Z","2017-03-01T20:00:00.000Z","2017-03-01T20:30:00.000Z","Vacation","","",""
"0Hw6A000000YurFSAS","0Hn6A000000YQZVSA4","2018-02-28T21:09:07.000Z","2017-02-28T20:13:00.000Z","2017-02-28T20:43:00.000Z","Vacation","","",""
"0Hw6A000000YurGSAS","0Hn6A000000YQZWSA4","2018-02-28T21:09:07.000Z","2017-03-01T19:43:00.000Z","2017-03-01T20:13:00.000Z","Vacation","","",""
"0Hw6A000000YurHSAS","0Hn6A000000YQZWSA4","2018-02-28T21:09:07.000Z","2017-02-28T20:16:00.000Z","2017-02-28T20:46:00.000Z","Vacation","","",""
"0Hw6A000000YurISAS","0Hn6A000000YQZXSA4","2018-02-28T21:09:07.000Z","2017-03-01T19:59:00.000Z","2017-03-01T20:29:00.000Z","Vacation","","",""
"0Hw6A000000YurJSAS","0Hn6A000000YQZXSA4","2018-02-28T21:09:07.000Z","2017-02-28T20:00:00.000Z","2017-02-28T20:30:00.000Z","Vacation","","",""
"0Hw6A000000YurKSAS","0Hn6A000000YQZYSA4","2018-02-28T21:09:07.000Z","2017-03-02T20:00:00.000Z","2017-03-02T20:30:00.000Z","Vacation","","",""
"0Hw6A000000YurLSAS","0Hn6A000000YQZYSA4","2018-02-28T21:09:07.000Z","2017-03-01T20:00:00.000Z","2017-03-01T20:30:00.000Z","Vacation","","",""
"0Hw6A000000YurMSAS","0Hn6A000000YQZaSAO","2018-02-28T21:09:07.000Z","2017-03-03T19:48:00.000Z","2017-03-03T20:18:00.000Z","Vacation","","",""
"0Hw6A000000YurNSAS","0Hn6A000000YQZaSAO","2018-02-28T21:09:07.000Z","2017-03-02T20:52:00.000Z","2017-03-02T21:22:00.000Z","Vacation","","",""
"0Hw6A000000YurOSAS","0Hn6A000000YQZbSAO","2018-02-28T21:09:07.000Z","2017-03-03T21:00:00.000Z","2017-03-03T21:30:00.000Z","Vacation","","",""
"0Hw6A000000YurPSAS","0Hn6A000000YQZbSAO","2018-02-28T21:09:07.000Z","2017-03-01T20:00:00.000Z","2017-03-01T20:30:00.000Z","Vacation","","",""
"0Hw6A000000YurQSAS","0Hn6A000000YQZbSAO","2018-02-28T21:09:07.000Z","2017-03-02T19:55:00.000Z","2017-03-02T20:25:00.000Z","Vacation","","",""
"0Hw6A000000YurRSAS","0Hn6A000000YQZcSAO","2018-02-28T21:09:07.000Z","2017-03-03T20:00:00.000Z","2017-03-03T20:30:00.000Z","Vacation","","",""
"0Hw6A000000YurSSAS","0Hn6A000000YQZcSAO","2018-02-28T21:09:07.000Z","2017-03-01T20:28:00.000Z","2017-03-01T20:58:00.000Z","Vacation","","",""
"0Hw6A000000YurTSAS","0Hn6A000000YQZcSAO","2018-02-28T21:09:07.000Z","2017-03-02T20:36:00.000Z","2017-03-02T21:06:00.000Z","Vacation","","",""
"0Hw6A000000YurUSAS","0Hn6A000000YQZdSAO","2018-02-28T21:09:07.000Z","2017-03-03T20:00:00.000Z","2017-03-03T20:30:00.000Z","Vacation","","",""
"0Hw6A000000YurVSAS","0Hn6A000000YQZdSAO","2018-02-28T21:09:07.000Z","2017-03-01T19:55:00.000Z","2017-03-01T20:25:00.000Z","Vacation","","",""
"0Hw6A000000YurWSAS","0Hn6A000000YQZdSAO","2018-02-28T21:09:07.000Z","2017-03-02T20:00:00.000Z","2017-03-02T20:30:00.000Z","Vacation","","",""
"0Hw6A000000YurXSAS","0Hn6A000000YQZeSAO","2018-02-28T21:09:07.000Z","2017-03-02T19:46:00.000Z","2017-03-02T20:16:00.000Z","Vacation","","",""
"0Hw6A000000YurYSAS","0Hn6A000000YQZeSAO","2018-02-28T21:09:07.000Z","2017-03-03T20:35:00.000Z","2017-03-03T21:05:00.000Z","Vacation","","",""
"0Hw6A000000YurZSAS","0Hn6A000000YQZeSAO","2018-02-28T21:09:07.000Z","2017-03-01T20:00:00.000Z","2017-03-01T20:30:00.000Z","Vacation","","",""
"0Hw6A000000YuraSAC","0Hn6A000000YQZfSAO","2018-02-28T21:09:07.000Z","2017-03-01T20:00:00.000Z","2017-03-01T20:30:00.000Z","Vacation","","",""
"0Hw6A000000YurbSAC","0Hn6A000000YQZfSAO","2018-02-28T21:09:07.000Z","2017-03-02T20:21:00.000Z","2017-03-02T20:51:00.000Z","Vacation","","",""
"0Hw6A000000YurcSAC","0Hn6A000000YQZfSAO","2018-02-28T21:09:07.000Z","2017-03-03T20:50:00.000Z","2017-03-03T21:20:00.000Z","Vacation","","",""
"0Hw6A000000YurdSAC","0Hn6A000000YQZgSAO","2018-02-28T21:09:07.000Z","2017-03-02T19:40:00.000Z","2017-03-02T20:10:00.000Z","Vacation","","",""
"0Hw6A000000YureSAC","0Hn6A000000YQZgSAO","2018-02-28T21:09:07.000Z","2017-03-01T20:00:00.000Z","2017-03-01T20:30:00.000Z","Vacation","","",""
"0Hw6A000000YurfSAC","0Hn6A000000YQZgSAO","2018-02-28T21:09:07.000Z","2017-03-03T21:27:00.000Z","2017-03-03T21:57:00.000Z","Vacation","","",""
"0Hw6A000000YurgSAC","0Hn6A000000YQZhSAO","2018-02-28T21:09:07.000Z","2017-03-03T20:00:00.000Z","2017-03-03T20:30:00.000Z","Vacation","","",""
"0Hw6A000000YurhSAC","0Hn6A000000YQZhSAO","2018-02-28T21:09:07.000Z","2017-03-02T20:39:00.000Z","2017-03-02T21:09:00.000Z","Vacation","","",""
"0Hw6A000000YuriSAC","0Hn6A000000YQZiSAO","2018-02-28T21:09:07.000Z","2017-03-03T20:00:00.000Z","2017-03-03T20:30:00.000Z","Vacation","","",""
"0Hw6A000000YurjSAC","0Hn6A000000YQZiSAO","2018-02-28T21:09:07.000Z","2017-03-02T20:58:00.000Z","2017-03-02T21:28:00.000Z","Vacation","","",""
"0Hw6A000000YurkSAC","0Hn6A000000YQZjSAO","2018-02-28T21:09:07.000Z","2017-03-02T20:59:00.000Z","2017-03-02T21:29:00.000Z","Vacation","","",""
"0Hw6A000000YurlSAC","0Hn6A000000YQZjSAO","2018-02-28T21:09:07.000Z","2017-03-01T20:00:00.000Z","2017-03-01T20:30:00.000Z","Vacation","","",""
"0Hw6A000000YurmSAC","0Hn6A000000YQZQSA4","2018-02-28T21:09:07.000Z","2017-03-03T20:00:00.000Z","2017-03-03T20:30:00.000Z","Vacation","","",""
"0Hw6A000000YurnSAC","0Hn6A000000YQZQSA4","2018-02-28T21:09:07.000Z","2017-03-02T20:00:00.000Z","2017-03-02T20:30:00.000Z","Vacation","","",""
"0Hw6A000000YuroSAC","0Hn6A000000YQZRSA4","2018-02-28T21:09:07.000Z","2017-03-02T21:27:00.000Z","2017-03-02T21:57:00.000Z","Vacation","","",""
"0Hw6A000000YurpSAC","0Hn6A000000YQZRSA4","2018-02-28T21:09:07.000Z","2017-03-03T20:59:00.000Z","2017-03-03T21:29:00.000Z","Vacation","","",""
"0Hw6A000000YurqSAC","0Hn6A000000YQZSSA4","2018-02-28T21:09:07.000Z","2017-03-03T21:14:00.000Z","2017-03-03T21:44:00.000Z","Vacation","","",""
"0Hw6A000000YurrSAC","0Hn6A000000YQZSSA4","2018-02-28T21:09:07.000Z","2017-03-02T21:33:00.000Z","2017-03-02T22:03:00.000Z","Vacation","","",""
"0Hw6A000000YursSAC","0Hn6A000000YQZTSA4","2018-02-28T21:09:07.000Z","2017-03-02T20:00:00.000Z","2017-03-02T20:30:00.000Z","Vacation","","",""
"0Hw6A000000YurtSAC","0Hn6A000000YQZTSA4","2018-02-28T21:09:07.000Z","2017-03-04T19:53:00.000Z","2017-03-04T20:23:00.000Z","Vacation","","",""
"0Hw6A000000YuruSAC","0Hn6A000000YQZTSA4","2018-02-28T21:09:07.000Z","2017-03-03T20:50:00.000Z","2017-03-03T21:20:00.000Z","Vacation","","",""
"0Hw6A000000YurvSAC","0Hn6A000000YQZUSA4","2018-02-28T21:09:07.000Z","2017-03-03T19:48:00.000Z","2017-03-03T20:18:00.000Z","Vacation","","",""
"0Hw6A000000YurwSAC","0Hn6A000000YQZUSA4","2018-02-28T21:09:07.000Z","2017-03-02T20:00:00.000Z","2017-03-02T20:30:00.000Z","Vacation","","",""
"0Hw6A000000YurxSAC","0Hn6A000000YQZVSA4","2018-02-28T21:09:07.000Z","2017-03-02T20:17:00.000Z","2017-03-02T20:47:00.000Z","Vacation","","",""
"0Hw6A000000YurySAC","0Hn6A000000YQZVSA4","2018-02-28T21:09:07.000Z","2017-03-03T21:43:00.000Z","2017-03-03T22:13:00.000Z","Vacation","","",""
"0Hw6A000000YurzSAC","0Hn6A000000YQZWSA4","2018-02-28T21:09:07.000Z","2017-03-03T20:00:00.000Z","2017-03-03T20:30:00.000Z","Vacation","","",""
"0Hw6A000000Yus0SAC","0Hn6A000000YQZWSA4","2018-02-28T21:09:07.000Z","2017-03-02T20:08:00.000Z","2017-03-02T20:38:00.000Z","Vacation","","",""
"0Hw6A000000Yus1SAC","0Hn6A000000YQZXSA4","2018-02-28T21:09:07.000Z","2017-03-03T20:23:00.000Z","2017-03-03T20:53:00.000Z","Vacation","","",""
"0Hw6A000000Yus2SAC","0Hn6A000000YQZXSA4","2018-02-28T21:09:07.000Z","2017-03-02T20:53:00.000Z","2017-03-02T21:23:00.000Z","Vacation","","",""
"0Hw6A000000Yus3SAC","0Hn6A000000YQZYSA4","2018-02-28T21:09:07.000Z","2017-03-03T20:00:00.000Z","2017-03-03T20:30:00.000Z","Vacation","","",""
"0Hw6A000000Yus4SAC","0Hn6A000000YQZYSA4","2018-02-28T21:09:07.000Z","2017-03-04T20:00:00.000Z","2017-03-04T20:30:00.000Z","Vacation","","",""
"0Hw6A000000Yus5SAC","0Hn6A000000YQZYSA4","2018-02-28T21:09:07.000Z","2017-03-05T20:00:00.000Z","2017-03-05T20:30:00.000Z","Vacation","","",""
"0Hw6A000000Yus6SAC","0Hn6A000000YQZaSAO","2018-02-28T21:09:07.000Z","2017-03-04T20:44:00.000Z","2017-03-04T21:14:00.000Z","Vacation","","",""
"0Hw6A000000Yus7SAC","0Hn6A000000YQZaSAO","2018-02-28T21:09:07.000Z","2017-03-05T20:00:00.000Z","2017-03-05T20:30:00.000Z","Vacation","","",""
"0Hw6A000000Yus8SAC","0Hn6A000000YQZbSAO","2018-02-28T21:09:07.000Z","2017-03-05T20:00:00.000Z","2017-03-05T20:30:00.000Z","Vacation","","",""
"0Hw6A000000Yus9SAC","0Hn6A000000YQZbSAO","2018-02-28T21:09:07.000Z","2017-03-04T21:01:00.000Z","2017-03-04T21:31:00.000Z","Vacation","","",""
"0Hw6A000000YusASAS","0Hn6A000000YQZcSAO","2018-02-28T21:09:07.000Z","2017-03-04T19:47:00.000Z","2017-03-04T20:17:00.000Z","Vacation","","",""
"0Hw6A000000YusBSAS","0Hn6A000000YQZdSAO","2018-02-28T21:09:07.000Z","2017-03-04T20:00:00.000Z","2017-03-04T20:30:00.000Z","Vacation","","",""
"0Hw6A000000YusCSAS","0Hn6A000000YQZdSAO","2018-02-28T21:09:07.000Z","2017-03-05T20:00:00.000Z","2017-03-05T20:30:00.000Z","Vacation","","",""
"0Hw6A000000YusDSAS","0Hn6A000000YQZfSAO","2018-02-28T21:09:07.000Z","2017-03-04T20:00:00.000Z","2017-03-04T20:30:00.000Z","Vacation","","",""
"0Hw6A000000YusESAS","0Hn6A000000YQZgSAO","2018-02-28T21:09:07.000Z","2017-03-04T20:00:00.000Z","2017-03-04T20:30:00.000Z","Vacation","","",""
"0Hw6A000000YusFSAS","0Hn6A000000YQZhSAO","2018-02-28T21:09:07.000Z","2017-03-04T19:51:00.000Z","2017-03-04T20:21:00.000Z","Vacation","","",""
"0Hw6A000000YusGSAS","0Hn6A000000YQZhSAO","2018-02-28T21:09:07.000Z","2017-03-05T20:20:00.000Z","2017-03-05T20:50:00.000Z","Vacation","","",""
"0Hw6A000000YusHSAS","0Hn6A000000YQZiSAO","2018-02-28T21:09:07.000Z","2017-03-04T19:56:00.000Z","2017-03-04T20:26:00.000Z","Vacation","","",""
"0Hw6A000000YusISAS","0Hn6A000000YQZiSAO","2018-02-28T21:09:07.000Z","2017-03-05T20:00:00.000Z","2017-03-05T20:30:00.000Z","Vacation","","",""
"0Hw6A000000YusJSAS","0Hn6A000000YQZjSAO","2018-02-28T21:09:07.000Z","2017-03-03T20:00:00.000Z","2017-03-03T20:30:00.000Z","Vacation","","",""
"0Hw6A000000YusKSAS","0Hn6A000000YQZjSAO","2018-02-28T21:09:07.000Z","2017-03-04T20:46:00.000Z","2017-03-04T21:16:00.000Z","Vacation","","",""
"0Hw6A000000YusLSAS","0Hn6A000000YQZjSAO","2018-02-28T21:09:07.000Z","2017-03-05T20:00:00.000Z","2017-03-05T20:30:00.000Z","Vacation","","",""
"0Hw6A000000YusMSAS","0Hn6A000000YQZQSA4","2018-02-28T21:09:07.000Z","2017-03-04T20:56:00.000Z","2017-03-04T21:26:00.000Z","Vacation","","",""
"0Hw6A000000YusNSAS","0Hn6A000000YQZQSA4","2018-02-28T21:09:07.000Z","2017-03-05T20:54:00.000Z","2017-03-05T21:24:00.000Z","Vacation","","",""
"0Hw6A000000YusOSAS","0Hn6A000000YQZRSA4","2018-02-28T21:09:07.000Z","2017-03-05T19:58:00.000Z","2017-03-05T20:28:00.000Z","Vacation","","",""
"0Hw6A000000YusPSAS","0Hn6A000000YQZRSA4","2018-02-28T21:09:07.000Z","2017-03-04T20:30:00.000Z","2017-03-04T21:00:00.000Z","Vacation","","",""
"0Hw6A000000YusQSAS","0Hn6A000000YQZSSA4","2018-02-28T21:09:07.000Z","2017-03-05T20:00:00.000Z","2017-03-05T20:30:00.000Z","Vacation","","",""
"0Hw6A000000YusRSAS","0Hn6A000000YQZSSA4","2018-02-28T21:09:07.000Z","2017-03-04T20:00:00.000Z","2017-03-04T20:30:00.000Z","Vacation","","",""
"0Hw6A000000YusSSAS","0Hn6A000000YQZTSA4","2018-02-28T21:09:07.000Z","2017-03-05T19:33:00.000Z","2017-03-05T20:03:00.000Z","Vacation","","",""
"0Hw6A000000YusTSAS","0Hn6A000000YQZTSA4","2018-02-28T21:09:07.000Z","2017-03-06T20:31:00.000Z","2017-03-06T21:01:00.000Z","Vacation","","",""
"0Hw6A000000YusUSAS","0Hn6A000000YQZUSA4","2018-02-28T21:09:07.000Z","2017-03-05T20:37:00.000Z","2017-03-05T21:07:00.000Z","Vacation","","",""
"0Hw6A000000YusVSAS","0Hn6A000000YQZUSA4","2018-02-28T21:09:07.000Z","2017-03-04T19:58:00.000Z","2017-03-04T20:28:00.000Z","Vacation","","",""
"0Hw6A000000YusWSAS","0Hn6A000000YQZVSA4","2018-02-28T21:09:07.000Z","2017-03-06T20:00:00.000Z","2017-03-06T20:30:00.000Z","Vacation","","",""
"0Hw6A000000YusXSAS","0Hn6A000000YQZVSA4","2018-02-28T21:09:07.000Z","2017-03-04T20:38:00.000Z","2017-03-04T21:08:00.000Z","Vacation","","",""
"0Hw6A000000YusYSAS","0Hn6A000000YQZVSA4","2018-02-28T21:09:07.000Z","2017-03-05T20:00:00.000Z","2017-03-05T20:30:00.000Z","Vacation","","",""
"0Hw6A000000YusZSAS","0Hn6A000000YQZWSA4","2018-02-28T21:09:07.000Z","2017-03-04T20:00:00.000Z","2017-03-04T20:30:00.000Z","Vacation","","",""
"0Hw6A000000YusaSAC","0Hn6A000000YQZWSA4","2018-02-28T21:09:07.000Z","2017-03-05T20:00:00.000Z","2017-03-05T20:30:00.000Z","Vacation","","",""
"0Hw6A000000YusbSAC","0Hn6A000000YQZXSA4","2018-02-28T21:09:07.000Z","2017-03-05T20:00:00.000Z","2017-03-05T20:30:00.000Z","Vacation","","",""
"0Hw6A000000YuscSAC","0Hn6A000000YQZXSA4","2018-02-28T21:09:07.000Z","2017-03-06T21:50:00.000Z","2017-03-06T22:20:00.000Z","Vacation","","",""
"0Hw6A000000YusdSAC","0Hn6A000000YQZXSA4","2018-02-28T21:09:07.000Z","2017-03-04T20:00:00.000Z","2017-03-04T20:30:00.000Z","Vacation","","",""
"0Hw6A000000YuseSAC","0Hn6A000000YQZYSA4","2018-02-28T21:09:07.000Z","2017-03-07T20:00:00.000Z","2017-03-07T20:30:00.000Z","Vacation","","",""
"0Hw6A000000YusfSAC","0Hn6A000000YQZYSA4","2018-02-28T21:09:07.000Z","2017-03-06T20:00:00.000Z","2017-03-06T20:30:00.000Z","Vacation","","",""
"0Hw6A000000YusgSAC","0Hn6A000000YQZaSAO","2018-02-28T21:09:07.000Z","2017-03-06T20:00:00.000Z","2017-03-06T20:30:00.000Z","Vacation","","",""
"0Hw6A000000YushSAC","0Hn6A000000YQZaSAO","2018-02-28T21:09:07.000Z","2017-03-07T20:05:00.000Z","2017-03-07T20:35:00.000Z","Vacation","","",""
"0Hw6A000000YusiSAC","0Hn6A000000YQZbSAO","2018-02-28T21:09:07.000Z","2017-03-07T20:03:00.000Z","2017-03-07T20:33:00.000Z","Vacation","","",""
"0Hw6A000000YusjSAC","0Hn6A000000YQZbSAO","2018-02-28T21:09:07.000Z","2017-03-06T20:00:00.000Z","2017-03-06T20:30:00.000Z","Vacation","","",""
"0Hw6A000000YuskSAC","0Hn6A000000YQZcSAO","2018-02-28T21:09:07.000Z","2017-03-06T20:00:00.000Z","2017-03-06T20:30:00.000Z","Vacation","","",""
"0Hw6A000000YuslSAC","0Hn6A000000YQZcSAO","2018-02-28T21:09:07.000Z","2017-03-05T20:13:00.000Z","2017-03-05T20:43:00.000Z","Vacation","","",""
"0Hw6A000000YusmSAC","0Hn6A000000YQZdSAO","2018-02-28T21:09:07.000Z","2017-03-06T20:00:00.000Z","2017-03-06T20:30:00.000Z","Vacation","","",""
"0Hw6A000000YusnSAC","0Hn6A000000YQZdSAO","2018-02-28T21:09:07.000Z","2017-03-07T19:57:00.000Z","2017-03-07T20:27:00.000Z","Vacation","","",""
"0Hw6A000000YusoSAC","0Hn6A000000YQZeSAO","2018-02-28T21:09:07.000Z","2017-03-04T21:29:00.000Z","2017-03-04T21:59:00.000Z","Vacation","","",""
"0Hw6A000000YuspSAC","0Hn6A000000YQZfSAO","2018-02-28T21:09:07.000Z","2017-03-06T20:38:00.000Z","2017-03-06T21:08:00.000Z","Vacation","","",""
"0Hw6A000000YusqSAC","0Hn6A000000YQZfSAO","2018-02-28T21:09:07.000Z","2017-03-07T20:00:00.000Z","2017-03-07T20:30:00.000Z","Vacation","","",""
"0Hw6A000000YusrSAC","0Hn6A000000YQZfSAO","2018-02-28T21:09:07.000Z","2017-03-05T19:43:00.000Z","2017-03-05T20:13:00.000Z","Vacation","","",""
"0Hw6A000000YussSAC","0Hn6A000000YQZgSAO","2018-02-28T21:09:07.000Z","2017-03-06T21:31:00.000Z","2017-03-06T22:01:00.000Z","Vacation","","",""
"0Hw6A000000YustSAC","0Hn6A000000YQZgSAO","2018-02-28T21:09:07.000Z","2017-03-07T20:09:00.000Z","2017-03-07T20:39:00.000Z","Vacation","","",""
"0Hw6A000000YusuSAC","0Hn6A000000YQZgSAO","2018-02-28T21:09:07.000Z","2017-03-05T20:00:00.000Z","2017-03-05T20:30:00.000Z","Vacation","","",""
"0Hw6A000000YusvSAC","0Hn6A000000YQZhSAO","2018-02-28T21:09:07.000Z","2017-03-06T20:00:00.000Z","2017-03-06T20:30:00.000Z","Vacation","","",""
"0Hw6A000000YuswSAC","0Hn6A000000YQZiSAO","2018-02-28T21:09:07.000Z","2017-03-07T20:00:00.000Z","2017-03-07T20:30:00.000Z","Vacation","","",""
"0Hw6A000000YusxSAC","0Hn6A000000YQZiSAO","2018-02-28T21:09:07.000Z","2017-03-06T19:31:00.000Z","2017-03-06T20:01:00.000Z","Vacation","","",""
"0Hw6A000000YusySAC","0Hn6A000000YQZjSAO","2018-02-28T21:09:07.000Z","2017-03-07T20:46:00.000Z","2017-03-07T21:16:00.000Z","Vacation","","",""
"0Hw6A000000YuszSAC","0Hn6A000000YQZjSAO","2018-02-28T21:09:07.000Z","2017-03-06T20:53:00.000Z","2017-03-06T21:23:00.000Z","Vacation","","",""
"0Hw6A000000Yut0SAC","0Hn6A000000YQZQSA4","2018-02-28T21:09:07.000Z","2017-03-07T19:49:00.000Z","2017-03-07T20:19:00.000Z","Vacation","","",""
"0Hw6A000000Yut1SAC","0Hn6A000000YQZQSA4","2018-02-28T21:09:07.000Z","2017-03-06T20:00:00.000Z","2017-03-06T20:30:00.000Z","Vacation","","",""
