"Id","OperatingHoursId","StartTime","EndTime"
"0Gj0b000000LFjWCAW","0OH0b000000LFb7GAG","09:00:00.000Z","18:00:00.000Z"
"0Gj0b000000LFjXCAW","0OH0b000000LFb7GAG","18:00:00.000Z","20:00:00.000Z"
"0Gj0b000000LFjYCAW","0OH0b000000LFb7GAG","09:00:00.000Z","18:00:00.000Z"
"0Gj0b000000LFjZCAW","0OH0b000000LFb7GAG","09:00:00.000Z","18:00:00.000Z"
"0Gj0b000000LFjaCAG","0OH0b000000LFb7GAG","09:00:00.000Z","18:00:00.000Z"
"0Gj0b000000LFjbCAG","0OH0b000000LFb7GAG","09:00:00.000Z","18:00:00.000Z"
"0Gj0b000000LFjcCAG","0OH0b000000LFb7GAG","09:00:00.000Z","18:00:00.000Z"
"0Gj0b000000LFjdCAG","0OH0b000000LFb7GAG","09:00:00.000Z","18:00:00.000Z"
"0Gj0b000000LFjeCAG","0OH0b000000LFb7GAG","18:00:00.000Z","20:00:00.000Z"
"0Gj0b000000LFjfCAG","0OH0b000000LFb7GAG","18:00:00.000Z","20:00:00.000Z"
"0Gj0b000000LFjgCAG","0OH0b000000LFb7GAG","18:00:00.000Z","20:00:00.000Z"
"0Gj0b000000LFjhCAG","0OH0b000000LFb7GAG","18:00:00.000Z","20:00:00.000Z"
"0Gj0b000000LFjiCAG","0OH0b000000LFb8GAG","09:00:00.000Z","11:00:00.000Z"
"0Gj0b000000LFjjCAG","0OH0b000000LFb8GAG","11:00:00.000Z","13:00:00.000Z"
"0Gj0b000000LFjkCAG","0OH0b000000LFb8GAG","13:00:00.000Z","15:00:00.000Z"
"0Gj0b000000LFjlCAG","0OH0b000000LFb8GAG","15:00:00.000Z","17:00:00.000Z"
"0Gj0b000000LFjmCAG","0OH0b000000LFb8GAG","09:00:00.000Z","11:00:00.000Z"
"0Gj0b000000LFjnCAG","0OH0b000000LFb8GAG","11:00:00.000Z","13:00:00.000Z"
"0Gj0b000000LFjoCAG","0OH0b000000LFb8GAG","13:00:00.000Z","15:00:00.000Z"
"0Gj0b000000LFjpCAG","0OH0b000000LFb8GAG","15:00:00.000Z","17:00:00.000Z"
"0Gj0b000000LFjqCAG","0OH0b000000LFb8GAG","09:00:00.000Z","11:00:00.000Z"
"0Gj0b000000LFjrCAG","0OH0b000000LFb8GAG","11:00:00.000Z","13:00:00.000Z"
"0Gj0b000000LFjsCAG","0OH0b000000LFb8GAG","13:00:00.000Z","15:00:00.000Z"
"0Gj0b000000LFjtCAG","0OH0b000000LFb8GAG","15:00:00.000Z","17:00:00.000Z"
"0Gj0b000000LFjuCAG","0OH0b000000LFb8GAG","09:00:00.000Z","11:00:00.000Z"
"0Gj0b000000LFjvCAG","0OH0b000000LFb8GAG","11:00:00.000Z","13:00:00.000Z"
"0Gj0b000000LFjwCAG","0OH0b000000LFb8GAG","13:00:00.000Z","15:00:00.000Z"
"0Gj0b000000LFjxCAG","0OH0b000000LFb8GAG","15:00:00.000Z","17:00:00.000Z"
"0Gj0b000000LFk2CAG","0OH0b000000LFb8GAG","15:00:00.000Z","17:00:00.000Z"
"0Gj0b000000LFk3CAG","0OH0b000000LFb8GAG","13:00:00.000Z","15:00:00.000Z"
"0Gj0b000000LFk4CAG","0OH0b000000LFb8GAG","11:00:00.000Z","13:00:00.000Z"
"0Gj0b000000LFk5CAG","0OH0b000000LFb8GAG","09:00:00.000Z","11:00:00.000Z"
"0Gj0b000000LFk6CAG","0OH0b000000LFb8GAG","15:00:00.000Z","17:00:00.000Z"
"0Gj0b000000LFk7CAG","0OH0b000000LFb8GAG","17:00:00.000Z","19:00:00.000Z"
"0Gj0b000000LFk8CAG","0OH0b000000LFb8GAG","17:00:00.000Z","19:00:00.000Z"
"0Gj0b000000LFk9CAG","0OH0b000000LFb8GAG","09:00:00.000Z","11:00:00.000Z"
"0Gj0b000000LFkACAW","0OH0b000000LFb8GAG","11:00:00.000Z","13:00:00.000Z"
"0Gj0b000000LFkBCAW","0OH0b000000LFb8GAG","13:00:00.000Z","15:00:00.000Z"
"0Gj0b000000LFkCCAW","0OH0b000000LFb8GAG","17:00:00.000Z","19:00:00.000Z"
"0Gj0b000000LFkDCAW","0OH0b000000LFb8GAG","17:00:00.000Z","19:00:00.000Z"
"0Gj0b000000LFkECAW","0OH0b000000LFb8GAG","17:00:00.000Z","19:00:00.000Z"
"0Gj0b000000LFkFCAW","0OH0b000000LFb8GAG","17:00:00.000Z","19:00:00.000Z"
"0Gj0b000000LFkGCAW","0OH0b000000LFb8GAG","17:00:00.000Z","19:00:00.000Z"
"0Gj0b000000LFkHCAW","0OH0b000000LFb6GAG","09:00:00.000Z","17:00:00.000Z"
"0Gj0b000000LFkICAW","0OH0b000000LFb6GAG","09:00:00.000Z","17:00:00.000Z"
"0Gj0b000000LFkJCAW","0OH0b000000LFb6GAG","09:00:00.000Z","17:00:00.000Z"
"0Gj0b000000LFkKCAW","0OH0b000000LFb6GAG","09:00:00.000Z","17:00:00.000Z"
"0Gj0b000000LFkLCAW","0OH0b000000LFb6GAG","09:00:00.000Z","17:00:00.000Z"
"0Gj0b000000LFkMCAW","0OH0b000000LFb9GAG","09:00:00.000Z","18:00:00.000Z"
"0Gj0b000000LFkNCAW","0OH0b000000LFb9GAG","09:00:00.000Z","18:00:00.000Z"
"0Gj0b000000LFkOCAW","0OH0b000000LFb9GAG","09:00:00.000Z","18:00:00.000Z"
"0Gj0b000000LFkPCAW","0OH0b000000LFb9GAG","09:00:00.000Z","18:00:00.000Z"
"0Gj0b000000LFjyCAG","0OH0b000000LFb8GAG","09:00:00.000Z","11:00:00.000Z"
"0Gj0b000000LFjzCAG","0OH0b000000LFb8GAG","11:00:00.000Z","13:00:00.000Z"
"0Gj0b000000LFk0CAG","0OH0b000000LFb8GAG","13:00:00.000Z","15:00:00.000Z"
"0Gj0b000000LFk1CAG","0OH0b000000LFb8GAG","15:00:00.000Z","17:00:00.000Z"
"0Gj0b000000LFkQCAW","0OH0b000000LFb9GAG","09:00:00.000Z","18:00:00.000Z"
"0Gj0b000000LFkRCAW","0OH0b000000LFb9GAG","09:00:00.000Z","18:00:00.000Z"
"0Gj0b000000LFkSCAW","0OH0b000000LFb9GAG","09:00:00.000Z","18:00:00.000Z"
"0Gj0b000000LFkTCAW","0OH0b000000LFbAGAW","09:00:00.000Z","17:00:00.000Z"
"0Gj0b000000LFkUCAW","0OH0b000000LFbAGAW","09:00:00.000Z","17:00:00.000Z"
"0Gj0b000000LFkVCAW","0OH0b000000LFbAGAW","09:00:00.000Z","17:00:00.000Z"
"0Gj0b000000LFkWCAW","0OH0b000000LFbAGAW","09:00:00.000Z","17:00:00.000Z"
"0Gj0b000000LFkXCAW","0OH0b000000LFbAGAW","09:00:00.000Z","17:00:00.000Z"
"0Gj0b000000LFkYCAW","0OH0b000000LFbAGAW","17:00:00.000Z","19:00:00.000Z"
"0Gj0b000000LFkZCAW","0OH0b000000LFbAGAW","17:00:00.000Z","19:00:00.000Z"
"0Gj0b000000LFkaCAG","0OH0b000000LFbAGAW","17:00:00.000Z","19:00:00.000Z"
"0Gj0b000000LFkbCAG","0OH0b000000LFbAGAW","17:00:00.000Z","19:00:00.000Z"
"0Gj0b000000LFkcCAG","0OH0b000000LFbAGAW","17:00:00.000Z","19:00:00.000Z"
"0Gj0b000000LFkdCAG","0OH0b000000LFbAGAW","09:00:00.000Z","17:00:00.000Z"
"0Gj0b000000LFkeCAG","0OH0b000000LFbAGAW","09:00:00.000Z","17:00:00.000Z"
"0Gj0b000000LFkfCAG","0OH0b000000LFbAGAW","17:00:00.000Z","19:00:00.000Z"
"0Gj0b000000LFkgCAG","0OH0b000000LFbAGAW","17:00:00.000Z","19:00:00.000Z"
